ahmedzg,CS2300 group 3
akhtasa1,CS2300 group 2
amoakok,CS2300 group 7
arift,CS2300 group 8
bainsas3,CS2300 group 6
brark,CS2300 group 3
dhillos5,CS2300 group 6
doela,CS2300 group 3
finnebjd,CS2300 group 11
gehlotny,CS2300 group 1
gilla5,CS2300 group 4
grifftd1,CS2300 group 8
henrikjr,CS2300 group 11
hussaih7,CS2300 group 7
islamm1,CS2300 group 8
jonesl7,CS2300 group 1
khaliqh,CS2300 group 7
mohdromb,CS2300 group 12
mudzimue,CS2300 group 5
muldowne,CS2300 group 9
nazrana,CS2300 group 10
nnejivc,CS2300 group 5
pardoej,CS2300 group 4
patela65,CS2300 group 2
patelj48,CS2300 group 5
patelk43,CS2300 group 10
prakasav,CS2300 group 1
qayyums,CS2300 group 12
randhawc,CS2300 group 12
saeedm1,CS2300 group 2
smitht21,CS2300 group 9
sohalp1,CS2300 group 10
takhass2,CS2300 group 13
thompsa4,CS2300 group 11
ugharata,CS2300 group 4
uppalj2,CS2300 group 9
uzohof,CS2300 group 6
chlim,CS2300 group 1
chlim,CS2300 group 2
chlim,CS2300 group 3
chlim,CS2300 group 4
chlim,CS2300 group 5
chlim,CS2300 group 6
chlim,CS2300 group 7
chlim,CS2300 group 8
chlim,CS2300 group 9
chlim,CS2300 group 10
chlim,CS2300 group 11
chlim,CS2300 group 12
chlim,CS2300 group 13
